{"stats":{"minecraft:dropped":{"minecraft:bread":64,"minecraft:enchanted_book":2,"minecraft:iron_ingot":20,"minecraft:wheat_seeds":2,"minecraft:lapis_lazuli":4,"minecraft:cooked_beef":1,"minecraft:cooked_porkchop":3,"minecraft:feather":5,"minecraft:cobblestone":532,"scalinghealth:heart_crystal_shard":7,"minecraft:granite":74,"vanillahammers:iron_hammer":6,"minecraft:dirt":8,"minecraft:diorite":23,"scalinghealth:heart_crystal":1,"minecraft:torch":2,"spartanshields:shield_tower_iron":2,"minecraft:mutton":4,"minecraft:bone_meal":5,"minecraft:bucket":1,"minecraft:bone":3,"easy_villagers:breeder":1,"minecraft:sweet_berries":4,"minecraft:sugar_cane":1,"minecraft:rotten_flesh":10,"minecraft:oak_planks":1,"minecraft:glowstone_dust":2,"useless_sword:redstone_sword":2,"minecraft:andesite":122,"easy_villagers:villager":2,"minecraft:spruce_log":4,"minecraft:arrow":14,"minecraft:bow":1,"minecraft:beef":14,"minecraft:glass":1},"minecraft:mined":{"minecraft:diamond_ore":10,"scalinghealth:power_crystal_ore":7,"minecraft:white_bed":6,"minecraft:granite":513,"minecraft:grass_block":4,"minecraft:spruce_leaves":4,"minecraft:sandstone":2,"minecraft:redstone_ore":66,"minecraft:furnace":3,"minecraft:iron_ore":275,"minecraft:andesite":453,"easy_villagers:breeder":1,"minecraft:peony":1,"minecraft:gold_block":1,"minecraft:enchanting_table":1,"toolleveling:tool_leveling_table":1,"minecraft:stone":9036,"scalinghealth:heart_crystal_ore":19,"minecraft:cut_sandstone":6,"minecraft:crafting_table":7,"minecraft:torch":4,"minecraft:tall_grass":5,"minecraft:cobblestone":20,"minecraft:lapis_ore":30,"minecraft:grindstone":1,"minecraft:sugar_cane":10,"minecraft:damaged_anvil":1,"minecraft:diorite":522,"minecraft:wall_torch":2,"ironfurnaces:diamond_furnace":1,"minecraft:sweet_berry_bush":4,"minecraft:spruce_log":6,"minecraft:stone_brick_stairs":1,"minecraft:grass":13,"minecraft:oak_log":13,"minecraft:coal_ore":601,"minecraft:sand":9,"minecraft:dirt":25,"minecraft:gold_ore":43,"minecraft:infested_stone":3},"minecraft:killed":{"minecraft:witch":2,"minecraft:spider":1,"minecraft:skeleton":15,"minecraft:chicken":7,"minecraft:silverfish":1,"minecraft:bat":3,"minecraft:wandering_trader":1,"minecraft:creeper":3,"minecraft:sheep":6,"minecraft:zombie":15,"minecraft:enderman":1,"minecraft:cow":7},"minecraft:picked_up":{"minecraft:wheat":15,"minecraft:crafting_table":8,"minecraft:iron_chestplate":1,"minecraft:chicken":4,"minecraft:gold_block":1,"minecraft:string":2,"minecraft:iron_leggings":1,"minecraft:bucket":1,"minecraft:beef":14,"minecraft:oak_boat":3,"ironfurnaces:diamond_furnace":1,"minecraft:sugar_cane":24,"minecraft:furnace":4,"minecraft:iron_boots":1,"minecraft:egg":1,"minecraft:stick":9,"minecraft:sandstone":2,"minecraft:torch":8,"minecraft:diorite":392,"minecraft:redstone":320,"easy_villagers:villager":2,"minecraft:arrow":17,"minecraft:rotten_flesh":13,"minecraft:hay_block":40,"toolleveling:tool_leveling_table":1,"vanillahammers:iron_hammer":4,"minecraft:mutton":8,"spartanshields:shield_tower_iron":2,"minecraft:white_wool":6,"minecraft:cobblestone":6719,"minecraft:enchanting_table":1,"minecraft:feather":5,"minecraft:cooked_beef":2,"minecraft:andesite":344,"minecraft:cut_sandstone":6,"minecraft:leather":9,"minecraft:oak_log":14,"scalinghealth:bandages":1,"minecraft:gunpowder":3,"scalinghealth:heart_crystal":2,"minecraft:lapis_lazuli":215,"minecraft:dirt":19,"minecraft:cooked_mutton":5,"minecraft:glass":2,"minecraft:bone":13,"minecraft:bow":1,"minecraft:wheat_seeds":2,"minecraft:iron_ingot":11,"minecraft:grindstone":1,"minecraft:iron_ore":267,"scalinghealth:power_crystal_shard":8,"minecraft:glowstone_dust":2,"minecraft:oak_planks":14,"minecraft:book":4,"scalinghealth:heart_crystal_shard":14,"minecraft:cooked_porkchop":5,"minecraft:sweet_berries":20,"minecraft:sand":9,"useless_sword:redstone_sword":2,"minecraft:white_bed":7,"minecraft:spruce_log":5,"minecraft:gold_ore":54,"minecraft:diamond":13,"minecraft:iron_helmet":1,"minecraft:granite":519,"minecraft:oak_sapling":9,"minecraft:damaged_anvil":1,"minecraft:coal":650},"minecraft:broken":{"vanillahammers:iron_hammer":2,"minecraft:stone_pickaxe":2,"minecraft:iron_pickaxe":1,"useless_sword:lava_sword":1},"minecraft:crafted":{"minecraft:grindstone":1,"minecraft:oak_planks":56,"minecraft:cooked_chicken":6,"useless_sword:lava_sword":1,"minecraft:furnace":1,"minecraft:stone":0,"useless_sword:glass_sword":1,"minecraft:glass_pane":16,"minecraft:glass":7,"minecraft:iron_axe":1,"minecraft:stone_pickaxe":2,"minecraft:chest":2,"minecraft:redstone_block":40,"spartanshields:shield_tower_wood":2,"spartanshields:shield_tower_iron":2,"minecraft:cooked_rabbit":0,"minecraft:wheat":345,"minecraft:coal_block":55,"useless_sword:redstone_sword":1,"minecraft:crafting_table":3,"minecraft:spruce_planks":4,"minecraft:wooden_pickaxe":1,"minecraft:iron_sword":2,"minecraft:gold_block":7,"scalinghealth:heart_crystal":1,"minecraft:bucket":1,"minecraft:stone_axe":1,"minecraft:bread":111,"minecraft:air":0,"useless_sword:coal_sword":1,"ironfurnaces:upgrade_gold":1,"minecraft:paper":9,"morevanillalib:paper_bundle":1,"minecraft:stick":28,"minecraft:stone_slab":6,"minecraft:iron_ingot":12,"minecraft:iron_pickaxe":2,"minecraft:stone_sword":1,"minecraft:iron_block":21,"easy_villagers:breeder":1,"vanillahammers:iron_hammer":4,"minecraft:gold_ingot":41,"minecraft:anvil":1,"minecraft:white_bed":2,"minecraft:torch":8,"minecraft:lapis_lazuli":27,"minecraft:lapis_block":30},"minecraft:used":{"easy_villagers:breeder":1,"minecraft:chest":2,"minecraft:cooked_chicken":4,"minecraft:rotten_flesh":9,"useless_sword:redstone_sword":156,"minecraft:torch":13,"minecraft:dirt":3,"minecraft:anvil":1,"scalinghealth:heart_crystal":2,"ironfurnaces:diamond_furnace":1,"minecraft:granite":42,"minecraft:sweet_berries":7,"minecraft:oak_sapling":9,"minecraft:furnace":4,"minecraft:cooked_beef":1,"minecraft:egg":1,"minecraft:cooked_mutton":5,"minecraft:diorite":9,"vanillahammers:iron_hammer":1503,"minecraft:stone_pickaxe":264,"useless_sword:coal_sword":84,"minecraft:wooden_pickaxe":11,"minecraft:sandstone":2,"minecraft:cut_sandstone":6,"minecraft:crafting_table":11,"toolleveling:tool_leveling_table":1,"minecraft:white_bed":8,"minecraft:spruce_log":6,"spartanshields:shield_tower_iron":37,"minecraft:oak_log":9,"minecraft:bread":2,"minecraft:string":1,"minecraft:iron_pickaxe":304,"minecraft:stone_axe":10,"minecraft:cobblestone":310,"minecraft:grindstone":1,"minecraft:cooked_porkchop":2,"minecraft:cooked_rabbit":1,"minecraft:andesite":1,"minecraft:bucket":1,"minecraft:oak_boat":3,"useless_sword:lava_sword":26},"minecraft:custom":{"minecraft:interact_with_anvil":14,"minecraft:mob_kills":74,"minecraft:interact_with_crafting_table":75,"minecraft:leave_game":3,"minecraft:time_since_death":209516,"minecraft:sprint_one_cm":298591,"minecraft:walk_one_cm":578089,"minecraft:damage_blocked_by_shield":1189,"minecraft:drop":104,"minecraft:talked_to_villager":2,"minecraft:sneak_time":8038,"minecraft:walk_under_water_one_cm":7241,"minecraft:boat_one_cm":242611,"minecraft:jump":1861,"minecraft:enchant_item":36,"minecraft:walk_on_water_one_cm":16414,"minecraft:interact_with_furnace":107,"minecraft:play_one_minute":209516,"minecraft:interact_with_grindstone":29,"minecraft:sleep_in_bed":8,"minecraft:time_since_rest":28064,"minecraft:damage_taken":1982,"minecraft:damage_dealt":13342,"minecraft:swim_one_cm":6375,"minecraft:fly_one_cm":168955,"minecraft:open_chest":127,"minecraft:crouch_one_cm":17795,"minecraft:fall_one_cm":28678}},"DataVersion":2586}