{"stats":{"minecraft:broken":{"minecraft:stone_pickaxe":1},"minecraft:crafted":{"minecraft:coal_block":1,"minecraft:oak_planks":20,"minecraft:crafting_table":1,"minecraft:wooden_pickaxe":1,"minecraft:furnace":1,"minecraft:stone_axe":1,"minecraft:air":0,"useless_sword:coal_sword":1,"minecraft:stick":12,"minecraft:iron_ingot":9,"minecraft:stone_pickaxe":2,"minecraft:stone_sword":1,"minecraft:white_bed":1,"minecraft:torch":8},"minecraft:killed":{"minecraft:witch":1,"minecraft:sheep":6,"minecraft:zombie":3,"minecraft:chicken":2,"minecraft:silverfish":1,"minecraft:cow":1},"minecraft:mined":{"minecraft:white_bed":1,"minecraft:crafting_table":4,"minecraft:grass_block":1,"minecraft:tall_grass":5,"minecraft:diorite":2,"minecraft:wall_torch":2,"minecraft:furnace":1,"minecraft:iron_ore":9,"minecraft:grass":9,"minecraft:coal_ore":29,"minecraft:oak_log":4,"minecraft:sand":9,"minecraft:dirt":3,"minecraft:stone":127,"minecraft:infested_stone":3},"minecraft:dropped":{"minecraft:wheat_seeds":1,"minecraft:feather":1,"minecraft:mutton":4,"minecraft:beef":1},"minecraft:custom":{"minecraft:interact_with_furnace":8,"minecraft:mob_kills":14,"minecraft:interact_with_crafting_table":8,"minecraft:play_one_minute":26900,"minecraft:time_since_death":26900,"minecraft:sleep_in_bed":1,"minecraft:time_since_rest":12729,"minecraft:sprint_one_cm":30875,"minecraft:damage_taken":181,"minecraft:walk_one_cm":54956,"minecraft:drop":4,"minecraft:damage_dealt":1714,"minecraft:fly_one_cm":38742,"minecraft:crouch_one_cm":2066,"minecraft:sneak_time":1064,"minecraft:walk_under_water_one_cm":1363,"minecraft:jump":340,"minecraft:walk_on_water_one_cm":5418,"minecraft:fall_one_cm":7754},"minecraft:picked_up":{"minecraft:crafting_table":5,"minecraft:feather":1,"minecraft:chicken":2,"minecraft:leather":1,"minecraft:oak_log":5,"minecraft:dirt":3,"minecraft:cooked_mutton":2,"minecraft:bone":1,"minecraft:wheat_seeds":2,"minecraft:beef":1,"minecraft:iron_ore":9,"minecraft:furnace":2,"minecraft:egg":1,"minecraft:stick":2,"scalinghealth:heart_crystal_shard":1,"minecraft:torch":4,"minecraft:sand":9,"minecraft:diorite":2,"minecraft:white_bed":1,"minecraft:rotten_flesh":4,"minecraft:oak_sapling":2,"minecraft:mutton":8,"minecraft:coal":42,"minecraft:white_wool":6,"minecraft:cobblestone":122},"minecraft:used":{"minecraft:cooked_mutton":2,"minecraft:diorite":2,"minecraft:stone_pickaxe":163,"useless_sword:coal_sword":31,"minecraft:wooden_pickaxe":11,"minecraft:torch":8,"minecraft:dirt":3,"minecraft:crafting_table":5,"minecraft:white_bed":1,"minecraft:stone_axe":2,"minecraft:cobblestone":2,"minecraft:oak_sapling":2,"minecraft:furnace":2,"minecraft:egg":1}},"DataVersion":2586}