{"stats":{"minecraft:broken":{"minecraft:stone_pickaxe":1},"minecraft:crafted":{"minecraft:coal_block":1,"minecraft:oak_planks":20,"minecraft:crafting_table":1,"minecraft:wooden_pickaxe":1,"minecraft:iron_sword":1,"minecraft:furnace":1,"minecraft:bucket":1,"minecraft:stone_axe":1,"useless_sword:glass_sword":1,"minecraft:air":0,"minecraft:glass_pane":16,"useless_sword:coal_sword":1,"minecraft:glass":7,"minecraft:stick":12,"minecraft:iron_ingot":9,"minecraft:stone_pickaxe":2,"easy_villagers:breeder":1,"minecraft:stone_sword":1,"minecraft:white_bed":2,"minecraft:torch":8},"minecraft:killed":{"minecraft:witch":1,"minecraft:sheep":6,"minecraft:zombie":5,"minecraft:chicken":2,"minecraft:silverfish":1,"minecraft:cow":1},"minecraft:mined":{"minecraft:white_bed":3,"minecraft:crafting_table":7,"minecraft:granite":3,"minecraft:grass_block":3,"minecraft:tall_grass":5,"minecraft:diorite":12,"minecraft:wall_torch":2,"minecraft:furnace":2,"minecraft:iron_ore":17,"minecraft:andesite":5,"easy_villagers:breeder":1,"minecraft:grass":12,"minecraft:coal_ore":42,"minecraft:oak_log":4,"minecraft:sand":9,"minecraft:dirt":7,"minecraft:stone":157,"minecraft:infested_stone":3},"minecraft:dropped":{"minecraft:wheat_seeds":1,"minecraft:feather":1,"minecraft:cobblestone":21,"minecraft:mutton":4,"minecraft:beef":1},"minecraft:custom":{"minecraft:interact_with_furnace":15,"minecraft:mob_kills":17,"minecraft:interact_with_crafting_table":13,"minecraft:play_one_minute":38900,"minecraft:time_since_death":38900,"minecraft:sleep_in_bed":2,"minecraft:time_since_rest":7062,"minecraft:sprint_one_cm":48190,"minecraft:damage_taken":298,"minecraft:walk_one_cm":75375,"minecraft:drop":25,"minecraft:damage_dealt":2504,"minecraft:fly_one_cm":53880,"minecraft:crouch_one_cm":4993,"minecraft:sneak_time":2950,"minecraft:walk_under_water_one_cm":1921,"minecraft:jump":489,"minecraft:walk_on_water_one_cm":8627,"minecraft:fall_one_cm":10202},"minecraft:picked_up":{"minecraft:crafting_table":8,"minecraft:feather":1,"minecraft:chicken":2,"minecraft:andesite":5,"minecraft:leather":1,"minecraft:oak_log":5,"scalinghealth:heart_crystal":1,"minecraft:dirt":9,"minecraft:cooked_mutton":2,"minecraft:glass":2,"minecraft:bone":1,"minecraft:wheat_seeds":2,"minecraft:beef":1,"minecraft:iron_ore":17,"minecraft:furnace":3,"minecraft:egg":1,"minecraft:stick":2,"scalinghealth:heart_crystal_shard":1,"minecraft:torch":4,"minecraft:sand":9,"minecraft:diorite":10,"minecraft:white_bed":3,"minecraft:rotten_flesh":6,"minecraft:granite":3,"minecraft:oak_sapling":2,"minecraft:mutton":8,"minecraft:coal":79,"minecraft:white_wool":6,"minecraft:cobblestone":149},"minecraft:used":{"minecraft:cooked_mutton":2,"minecraft:diorite":2,"easy_villagers:breeder":1,"minecraft:stone_pickaxe":234,"useless_sword:coal_sword":45,"minecraft:wooden_pickaxe":11,"minecraft:torch":8,"minecraft:dirt":3,"scalinghealth:heart_crystal":1,"minecraft:crafting_table":8,"minecraft:white_bed":3,"minecraft:granite":3,"minecraft:stone_axe":6,"minecraft:cobblestone":37,"minecraft:oak_sapling":2,"minecraft:furnace":3,"minecraft:bucket":1,"minecraft:egg":1}},"DataVersion":2586}