{"stats":{"minecraft:crafted":{"useless_sword:coal_sword":1,"minecraft:coal_block":1,"minecraft:oak_planks":20,"minecraft:crafting_table":1,"minecraft:stick":8,"minecraft:wooden_pickaxe":1,"minecraft:stone_pickaxe":1,"minecraft:stone_sword":1,"minecraft:white_bed":1,"minecraft:torch":8,"minecraft:stone_axe":1},"minecraft:killed":{"minecraft:sheep":4,"minecraft:zombie":3,"minecraft:witch":1,"minecraft:cow":1},"minecraft:mined":{"minecraft:white_bed":1,"minecraft:crafting_table":2,"minecraft:grass":7,"minecraft:grass_block":1,"minecraft:oak_log":4,"minecraft:coal_ore":28,"minecraft:tall_grass":5,"minecraft:stone":36},"minecraft:dropped":{"minecraft:wheat_seeds":1},"minecraft:custom":{"minecraft:time_since_rest":729,"minecraft:sprint_one_cm":8840,"minecraft:damage_taken":110,"minecraft:walk_one_cm":33169,"minecraft:mob_kills":9,"minecraft:drop":1,"minecraft:damage_dealt":1392,"minecraft:interact_with_crafting_table":4,"minecraft:fly_one_cm":8796,"minecraft:crouch_one_cm":1279,"minecraft:play_one_minute":14900,"minecraft:sneak_time":533,"minecraft:jump":128,"minecraft:time_since_death":14900,"minecraft:sleep_in_bed":1,"minecraft:fall_one_cm":3346},"minecraft:used":{"minecraft:stone_pickaxe":58,"useless_sword:coal_sword":22,"minecraft:wooden_pickaxe":11,"minecraft:torch":1,"minecraft:crafting_table":2,"minecraft:oak_sapling":2,"minecraft:white_bed":1},"minecraft:picked_up":{"minecraft:stick":2,"minecraft:crafting_table":2,"scalinghealth:heart_crystal_shard":1,"minecraft:leather":1,"minecraft:torch":1,"minecraft:oak_log":5,"minecraft:white_bed":1,"minecraft:bone":1,"minecraft:rotten_flesh":4,"minecraft:wheat_seeds":1,"minecraft:beef":1,"minecraft:oak_sapling":2,"minecraft:mutton":4,"minecraft:coal":28,"minecraft:white_wool":4,"minecraft:cobblestone":32}},"DataVersion":2586}