{"stats":{"minecraft:broken":{"minecraft:stone_pickaxe":2,"useless_sword:lava_sword":1},"minecraft:crafted":{"minecraft:coal_block":1,"minecraft:oak_planks":20,"minecraft:crafting_table":1,"minecraft:wooden_pickaxe":1,"useless_sword:lava_sword":1,"minecraft:iron_sword":1,"minecraft:furnace":1,"minecraft:bucket":1,"minecraft:stone_axe":1,"useless_sword:glass_sword":1,"minecraft:air":0,"minecraft:glass_pane":16,"useless_sword:coal_sword":1,"minecraft:glass":7,"minecraft:stick":12,"minecraft:iron_ingot":12,"minecraft:iron_pickaxe":1,"minecraft:stone_pickaxe":2,"easy_villagers:breeder":1,"minecraft:stone_sword":1,"minecraft:white_bed":2,"minecraft:torch":8},"minecraft:killed":{"minecraft:witch":2,"minecraft:sheep":6,"minecraft:skeleton":5,"minecraft:zombie":8,"minecraft:chicken":7,"minecraft:silverfish":1,"minecraft:cow":1},"minecraft:mined":{"minecraft:white_bed":4,"minecraft:crafting_table":7,"minecraft:granite":3,"minecraft:grass_block":3,"minecraft:tall_grass":5,"minecraft:diorite":12,"minecraft:wall_torch":2,"minecraft:furnace":2,"minecraft:iron_ore":60,"minecraft:andesite":5,"easy_villagers:breeder":1,"minecraft:grass":12,"minecraft:coal_ore":42,"minecraft:oak_log":4,"minecraft:sand":9,"minecraft:dirt":7,"minecraft:stone":163,"scalinghealth:heart_crystal_ore":5,"minecraft:infested_stone":3},"minecraft:dropped":{"minecraft:wheat_seeds":1,"minecraft:cooked_beef":1,"minecraft:cooked_porkchop":3,"minecraft:feather":1,"minecraft:cobblestone":21,"minecraft:mutton":4,"minecraft:beef":1},"minecraft:custom":{"minecraft:interact_with_furnace":17,"minecraft:mob_kills":40,"minecraft:interact_with_crafting_table":15,"minecraft:play_one_minute":56900,"minecraft:time_since_death":56900,"minecraft:sleep_in_bed":3,"minecraft:time_since_rest":10265,"minecraft:sprint_one_cm":113753,"minecraft:damage_taken":963,"minecraft:walk_one_cm":140803,"minecraft:drop":29,"minecraft:damage_dealt":5666,"minecraft:fly_one_cm":97193,"minecraft:crouch_one_cm":6412,"minecraft:sneak_time":3745,"minecraft:walk_under_water_one_cm":1921,"minecraft:jump":817,"minecraft:walk_on_water_one_cm":9046,"minecraft:fall_one_cm":20129},"minecraft:picked_up":{"minecraft:crafting_table":8,"minecraft:feather":5,"minecraft:cooked_beef":2,"minecraft:chicken":4,"minecraft:andesite":5,"minecraft:leather":3,"minecraft:oak_log":5,"minecraft:gunpowder":1,"scalinghealth:heart_crystal":1,"minecraft:dirt":9,"minecraft:cooked_mutton":3,"minecraft:glass":2,"minecraft:bone":6,"minecraft:wheat_seeds":2,"minecraft:beef":1,"minecraft:iron_ore":59,"minecraft:glowstone_dust":2,"minecraft:furnace":3,"minecraft:egg":1,"minecraft:stick":2,"scalinghealth:heart_crystal_shard":6,"minecraft:cooked_porkchop":5,"minecraft:torch":4,"minecraft:sand":9,"minecraft:diorite":10,"minecraft:white_bed":5,"minecraft:arrow":2,"minecraft:rotten_flesh":6,"minecraft:granite":3,"minecraft:oak_sapling":2,"minecraft:mutton":8,"minecraft:coal":79,"minecraft:white_wool":6,"minecraft:cobblestone":155},"minecraft:used":{"minecraft:cooked_mutton":3,"minecraft:diorite":2,"easy_villagers:breeder":1,"minecraft:stone_pickaxe":264,"useless_sword:coal_sword":67,"minecraft:wooden_pickaxe":11,"minecraft:torch":12,"minecraft:dirt":3,"scalinghealth:heart_crystal":1,"minecraft:crafting_table":9,"minecraft:white_bed":4,"minecraft:granite":3,"minecraft:iron_pickaxe":24,"minecraft:stone_axe":8,"minecraft:cobblestone":38,"minecraft:oak_sapling":2,"minecraft:furnace":4,"minecraft:cooked_porkchop":2,"minecraft:bucket":1,"minecraft:egg":1,"minecraft:cooked_beef":1,"useless_sword:lava_sword":26}},"DataVersion":2586}