{"stats":{"minecraft:broken":{"minecraft:stone_pickaxe":2,"useless_sword:lava_sword":1},"minecraft:crafted":{"minecraft:coal_block":1,"minecraft:oak_planks":20,"minecraft:crafting_table":1,"minecraft:wooden_pickaxe":1,"minecraft:cooked_chicken":4,"useless_sword:lava_sword":1,"minecraft:iron_sword":1,"minecraft:furnace":1,"minecraft:gold_block":1,"scalinghealth:heart_crystal":1,"minecraft:bucket":1,"minecraft:stone_axe":1,"useless_sword:glass_sword":1,"minecraft:air":0,"minecraft:glass_pane":16,"ironfurnaces:upgrade_gold":1,"useless_sword:coal_sword":1,"minecraft:glass":7,"minecraft:stick":20,"minecraft:iron_ingot":12,"minecraft:iron_pickaxe":1,"minecraft:stone_pickaxe":2,"vanillahammers:iron_hammer":2,"minecraft:iron_block":8,"easy_villagers:breeder":1,"minecraft:stone_sword":1,"minecraft:gold_ingot":16,"minecraft:white_bed":2,"minecraft:torch":8,"spartanshields:shield_tower_wood":1,"spartanshields:shield_tower_iron":1},"minecraft:killed":{"minecraft:witch":2,"minecraft:bat":2,"minecraft:creeper":1,"minecraft:sheep":6,"minecraft:skeleton":5,"minecraft:zombie":9,"minecraft:chicken":7,"minecraft:silverfish":1,"minecraft:cow":1},"minecraft:mined":{"scalinghealth:power_crystal_ore":1,"minecraft:white_bed":4,"minecraft:crafting_table":7,"minecraft:granite":3,"minecraft:grass_block":3,"minecraft:tall_grass":5,"minecraft:diorite":12,"minecraft:wall_torch":2,"minecraft:furnace":2,"minecraft:iron_ore":104,"minecraft:andesite":5,"easy_villagers:breeder":1,"minecraft:grass":12,"minecraft:coal_ore":56,"minecraft:oak_log":4,"minecraft:sand":9,"minecraft:dirt":7,"minecraft:stone":170,"minecraft:gold_ore":13,"scalinghealth:heart_crystal_ore":11,"minecraft:infested_stone":3},"minecraft:dropped":{"minecraft:wheat_seeds":1,"minecraft:cooked_beef":1,"minecraft:cooked_porkchop":3,"minecraft:feather":1,"minecraft:cobblestone":21,"vanillahammers:iron_hammer":1,"spartanshields:shield_tower_iron":1,"scalinghealth:heart_crystal":1,"minecraft:mutton":4,"minecraft:beef":1},"minecraft:custom":{"minecraft:interact_with_furnace":51,"minecraft:mob_kills":44,"minecraft:interact_with_crafting_table":37,"minecraft:play_one_minute":80900,"minecraft:time_since_death":80900,"minecraft:sleep_in_bed":4,"minecraft:time_since_rest":11187,"minecraft:sprint_one_cm":123837,"minecraft:damage_taken":1093,"minecraft:walk_one_cm":167937,"minecraft:drop":32,"minecraft:damage_dealt":6738,"minecraft:fly_one_cm":101675,"minecraft:crouch_one_cm":7172,"minecraft:sneak_time":4241,"minecraft:walk_under_water_one_cm":1921,"minecraft:jump":926,"minecraft:walk_on_water_one_cm":12232,"minecraft:fall_one_cm":20551},"minecraft:used":{"minecraft:cooked_mutton":3,"minecraft:diorite":2,"easy_villagers:breeder":1,"minecraft:stone_pickaxe":264,"useless_sword:coal_sword":84,"minecraft:wooden_pickaxe":11,"minecraft:cooked_chicken":3,"minecraft:torch":12,"minecraft:dirt":3,"scalinghealth:heart_crystal":1,"minecraft:crafting_table":9,"minecraft:white_bed":6,"minecraft:granite":3,"minecraft:iron_pickaxe":109,"minecraft:stone_axe":8,"minecraft:cobblestone":43,"minecraft:oak_sapling":2,"minecraft:furnace":4,"minecraft:cooked_porkchop":2,"minecraft:andesite":1,"minecraft:bucket":1,"minecraft:egg":1,"minecraft:cooked_beef":1,"useless_sword:lava_sword":26},"minecraft:picked_up":{"minecraft:iron_chestplate":1,"minecraft:crafting_table":8,"minecraft:feather":5,"minecraft:cooked_beef":2,"minecraft:chicken":4,"minecraft:andesite":5,"minecraft:leather":3,"minecraft:oak_log":5,"minecraft:gunpowder":3,"scalinghealth:heart_crystal":1,"minecraft:dirt":9,"minecraft:iron_leggings":1,"minecraft:cooked_mutton":3,"minecraft:glass":2,"minecraft:bone":6,"minecraft:wheat_seeds":2,"minecraft:beef":1,"minecraft:iron_ore":103,"scalinghealth:power_crystal_shard":1,"minecraft:glowstone_dust":2,"minecraft:oak_planks":11,"minecraft:iron_boots":1,"minecraft:furnace":3,"minecraft:egg":1,"minecraft:stick":2,"scalinghealth:heart_crystal_shard":12,"minecraft:cooked_porkchop":5,"minecraft:torch":4,"minecraft:sand":9,"minecraft:diorite":10,"minecraft:white_bed":5,"minecraft:gold_ore":24,"minecraft:arrow":2,"minecraft:rotten_flesh":6,"minecraft:iron_helmet":1,"minecraft:granite":3,"minecraft:oak_sapling":2,"minecraft:mutton":8,"minecraft:coal":91,"minecraft:white_wool":6,"minecraft:cobblestone":166}},"DataVersion":2586}