{"stats":{"minecraft:broken":{"minecraft:stone_axe":1},"minecraft:crafted":{"minecraft:cooked_beef":5,"minecraft:oak_planks":120,"minecraft:crafting_table":1,"minecraft:spruce_planks":28,"minecraft:wooden_pickaxe":1,"minecraft:iron_helmet":2,"minecraft:furnace":1,"ironfurnaces:upgrade_iron":1,"minecraft:bone_meal":6,"minecraft:stone_axe":2,"minecraft:cooked_mutton":6,"minecraft:air":0,"vanillahammers:stone_hammer":1,"minecraft:iron_boots":2,"minecraft:iron_chestplate":2,"minecraft:stick":48,"minecraft:iron_ingot":14,"minecraft:iron_pickaxe":1,"minecraft:stone_pickaxe":3,"minecraft:wooden_axe":1,"minecraft:stone_sword":1,"minecraft:chest":1,"minecraft:iron_leggings":2,"minecraft:white_bed":1,"minecraft:torch":116},"minecraft:killed":{"minecraft:rabbit":1,"minecraft:creeper":1,"minecraft:sheep":4,"minecraft:skeleton":4,"minecraft:zombie":5,"minecraft:chicken":2,"minecraft:silverfish":1,"minecraft:cow":6},"minecraft:mined":{"minecraft:white_bed":3,"minecraft:dark_oak_leaves":2,"minecraft:crafting_table":5,"minecraft:torch":3,"minecraft:tall_grass":4,"minecraft:lapis_ore":4,"minecraft:sugar_cane":27,"minecraft:diorite":10,"minecraft:wall_torch":1,"minecraft:seagrass":1,"minecraft:furnace":1,"minecraft:iron_ore":52,"minecraft:spruce_log":8,"minecraft:andesite":1,"easy_villagers:breeder":1,"minecraft:grass":13,"minecraft:oak_log":33,"minecraft:coal_ore":30,"minecraft:dirt":1,"minecraft:stone":67},"minecraft:dropped":{"minecraft:furnace":1,"easy_villagers:breeder":1,"minecraft:wheat_seeds":12,"minecraft:stone_sword":1,"minecraft:crafting_table":1,"minecraft:dark_oak_sapling":1,"minecraft:iron_helmet":1,"minecraft:rotten_flesh":2,"minecraft:light_gray_wool":1,"minecraft:iron_boots":1,"minecraft:cooked_mutton":3,"minecraft:rabbit_foot":1,"minecraft:coal":13,"minecraft:dirt":17,"minecraft:diorite":2,"minecraft:torch":2,"minecraft:iron_chestplate":1,"minecraft:wooden_axe":1,"minecraft:oak_sapling":7,"minecraft:iron_leggings":1,"minecraft:wooden_pickaxe":1,"minecraft:bone":1},"minecraft:custom":{"minecraft:interact_with_furnace":31,"minecraft:mob_kills":21,"minecraft:interact_with_crafting_table":18,"minecraft:play_one_minute":62618,"minecraft:leave_game":2,"minecraft:time_since_death":62618,"minecraft:sleep_in_bed":11,"minecraft:climb_one_cm":283,"minecraft:time_since_rest":22265,"minecraft:sprint_one_cm":226617,"minecraft:damage_taken":1969,"minecraft:walk_one_cm":145033,"minecraft:drop":34,"minecraft:damage_dealt":3458,"minecraft:swim_one_cm":521,"minecraft:fly_one_cm":281515,"minecraft:open_chest":8,"minecraft:crouch_one_cm":2669,"minecraft:sneak_time":1668,"minecraft:walk_under_water_one_cm":968,"minecraft:jump":1558,"minecraft:walk_on_water_one_cm":8149,"minecraft:fall_one_cm":50169},"minecraft:picked_up":{"minecraft:crafting_table":5,"minecraft:feather":4,"minecraft:cooked_beef":1,"easy_villagers:breeder":3,"minecraft:chicken":2,"minecraft:andesite":1,"minecraft:leather":6,"minecraft:oak_log":30,"minecraft:gunpowder":1,"scalinghealth:heart_crystal":1,"minecraft:lapis_lazuli":20,"minecraft:dirt":29,"minecraft:bone":3,"minecraft:apple":1,"minecraft:bow":1,"minecraft:wheat_seeds":12,"minecraft:beef":14,"minecraft:iron_ore":52,"minecraft:rabbit":1,"minecraft:light_gray_wool":1,"minecraft:sugar_cane":43,"minecraft:oak_planks":17,"minecraft:egg":1,"minecraft:furnace":1,"minecraft:dark_oak_sapling":1,"minecraft:stick":4,"minecraft:cooked_porkchop":3,"minecraft:torch":6,"minecraft:diorite":10,"minecraft:white_bed":2,"minecraft:spruce_log":7,"minecraft:rabbit_foot":1,"minecraft:stone_sword":1,"minecraft:arrow":6,"minecraft:rotten_flesh":4,"minecraft:oak_sapling":9,"minecraft:mutton":11,"minecraft:coal":30,"minecraft:white_wool":3,"minecraft:cobblestone":85},"minecraft:used":{"vanillahammers:stone_hammer":4,"minecraft:cooked_mutton":3,"minecraft:diorite":1,"minecraft:stone_sword":13,"easy_villagers:breeder":1,"minecraft:stone_pickaxe":124,"minecraft:chest":1,"minecraft:wooden_pickaxe":8,"minecraft:torch":96,"minecraft:dirt":12,"minecraft:mutton":9,"scalinghealth:heart_crystal":1,"minecraft:crafting_table":4,"minecraft:white_bed":3,"minecraft:spruce_log":8,"minecraft:oak_log":26,"minecraft:wooden_axe":1,"minecraft:stone_axe":69,"minecraft:cobblestone":31,"minecraft:beef":9,"minecraft:furnace":1,"minecraft:oak_sapling":2,"minecraft:cooked_porkchop":3,"minecraft:cooked_beef":2}},"DataVersion":2586}