{"stats":{"minecraft:crafted":{"minecraft:oak_planks":956,"minecraft:cooked_chicken":0,"minecraft:furnace":1,"minecraft:bone_meal":6,"ironfurnaces:diamond_furnace":1,"minecraft:cooked_mutton":6,"minecraft:glass":0,"minecraft:iron_boots":2,"minecraft:iron_axe":1,"minecraft:stone_pickaxe":3,"minecraft:chest":3,"toolleveling:tool_leveling_table":1,"minecraft:cooked_beef":5,"minecraft:emerald":39,"minecraft:cooked_porkchop":0,"minecraft:crafting_table":3,"minecraft:spruce_planks":28,"minecraft:enchanting_table":1,"minecraft:wooden_pickaxe":1,"minecraft:iron_helmet":2,"ironfurnaces:upgrade_iron":1,"minecraft:fletching_table":1,"minecraft:bucket":1,"minecraft:stone_axe":2,"minecraft:air":0,"vanillahammers:stone_hammer":1,"minecraft:oak_boat":1,"minecraft:iron_chestplate":2,"minecraft:book":9,"minecraft:paper":42,"minecraft:diamond_pickaxe":1,"minecraft:stick":1604,"minecraft:iron_ingot":14,"minecraft:iron_pickaxe":1,"minecraft:iron_shovel":1,"minecraft:wooden_axe":1,"minecraft:iron_block":4,"minecraft:stone_sword":1,"minecraft:iron_leggings":2,"minecraft:gold_ingot":0,"minecraft:sandstone":17,"minecraft:white_bed":1,"minecraft:torch":388,"minecraft:lapis_lazuli":9},"minecraft:used":{"minecraft:stone_sword":130,"minecraft:enchanting_table":1,"minecraft:iron_shovel":101,"easy_villagers:breeder":2,"minecraft:chest":3,"minecraft:cooked_chicken":3,"minecraft:torch":200,"minecraft:dirt":12,"minecraft:mutton":14,"scalinghealth:heart_crystal":1,"ironfurnaces:diamond_furnace":1,"minecraft:wooden_axe":1,"minecraft:iron_axe":45,"minecraft:beef":16,"minecraft:sweet_berries":37,"minecraft:oak_sapling":35,"minecraft:furnace":1,"minecraft:egg":1,"minecraft:cooked_beef":6,"vanillahammers:stone_hammer":13,"minecraft:cooked_mutton":5,"minecraft:water_bucket":5,"minecraft:diorite":38,"minecraft:stone_pickaxe":186,"vanillahammers:iron_hammer":846,"minecraft:wooden_pickaxe":8,"minecraft:sandstone":30,"minecraft:cut_sandstone":18,"minecraft:fletching_table":1,"minecraft:crafting_table":6,"minecraft:white_bed":3,"toolleveling:tool_leveling_table":1,"minecraft:spruce_log":33,"minecraft:oak_log":237,"minecraft:diamond_pickaxe":211,"minecraft:apple":1,"easy_villagers:villager":6,"minecraft:iron_pickaxe":37,"minecraft:bread":2,"minecraft:gravel":11,"minecraft:stone_axe":87,"minecraft:cobblestone":147,"minecraft:porkchop":9,"minecraft:cooked_porkchop":6,"minecraft:andesite":30,"minecraft:bucket":6,"minecraft:oak_boat":5},"minecraft:custom":{"minecraft:interact_with_anvil":11,"minecraft:mob_kills":60,"minecraft:interact_with_crafting_table":54,"minecraft:leave_game":5,"minecraft:time_since_death":225310,"minecraft:climb_one_cm":283,"minecraft:sprint_one_cm":729355,"minecraft:walk_one_cm":552498,"minecraft:drop":122,"minecraft:talked_to_villager":12,"minecraft:sneak_time":4474,"minecraft:walk_under_water_one_cm":4113,"minecraft:boat_one_cm":529791,"minecraft:jump":4699,"minecraft:walk_on_water_one_cm":24819,"minecraft:enchant_item":5,"minecraft:interact_with_furnace":89,"minecraft:traded_with_villager":39,"minecraft:play_one_minute":225310,"minecraft:interact_with_grindstone":10,"minecraft:sleep_in_bed":18,"minecraft:time_since_rest":14323,"minecraft:damage_taken":3973,"minecraft:damage_dealt":9893,"minecraft:swim_one_cm":12188,"minecraft:fly_one_cm":842417,"minecraft:open_chest":86,"minecraft:crouch_one_cm":6333,"minecraft:fall_one_cm":122380},"minecraft:broken":{"minecraft:stone_sword":1,"minecraft:stone_axe":1},"minecraft:killed":{"minecraft:spider":1,"minecraft:skeleton":10,"minecraft:fox":1,"minecraft:chicken":3,"minecraft:silverfish":1,"minecraft:pig":8,"minecraft:rabbit":1,"minecraft:creeper":2,"minecraft:sheep":12,"minecraft:trader_llama":2,"minecraft:zombie":11,"minecraft:cow":10},"minecraft:picked_up":{"minecraft:crafting_table":5,"minecraft:chicken":3,"easy_villagers:breeder":4,"minecraft:lead":1,"minecraft:gold_block":1,"minecraft:enchanted_book":2,"minecraft:cartography_table":1,"minecraft:beef":21,"minecraft:oak_boat":4,"minecraft:light_gray_wool":2,"minecraft:sugar_cane":69,"minecraft:furnace":1,"minecraft:egg":2,"minecraft:dark_oak_sapling":1,"minecraft:stick":57,"minecraft:sandstone":19,"minecraft:torch":13,"minecraft:porkchop":15,"minecraft:diorite":229,"minecraft:redstone":198,"minecraft:rabbit_foot":1,"minecraft:stone_pressure_plate":1,"minecraft:tnt":8,"easy_villagers:villager":3,"minecraft:stone_sword":1,"minecraft:arrow":14,"minecraft:rotten_flesh":12,"ironfurnaces:gold_furnace":1,"minecraft:hay_block":40,"vanillahammers:iron_hammer":4,"minecraft:obsidian":5,"minecraft:mutton":20,"spartanshields:shield_tower_iron":1,"minecraft:white_wool":9,"minecraft:cobblestone":6298,"minecraft:cooked_beef":1,"minecraft:feather":4,"minecraft:andesite":220,"minecraft:cut_sandstone":27,"minecraft:leather":13,"minecraft:flint":2,"minecraft:oak_log":239,"minecraft:gunpowder":4,"scalinghealth:heart_crystal":1,"minecraft:paper":8,"minecraft:lapis_lazuli":159,"minecraft:dirt":29,"minecraft:bone":9,"minecraft:apple":13,"minecraft:bow":1,"minecraft:wheat_seeds":12,"minecraft:iron_ingot":25,"minecraft:iron_ore":144,"scalinghealth:power_crystal_shard":6,"minecraft:rabbit":1,"minecraft:oak_planks":21,"scalinghealth:heart_crystal_shard":9,"minecraft:cooked_porkchop":3,"minecraft:sweet_berries":34,"minecraft:gravel":29,"minecraft:sand":71,"useless_sword:redstone_sword":1,"minecraft:spruce_sapling":4,"minecraft:white_bed":2,"minecraft:spruce_log":31,"minecraft:gold_ore":45,"minecraft:chiseled_sandstone":2,"minecraft:diamond":11,"minecraft:granite":239,"vanillahammers:stone_hammer":1,"minecraft:bread":64,"minecraft:oak_sapling":101,"minecraft:black_wool":1,"minecraft:coal":243},"minecraft:mined":{"minecraft:diamond_ore":10,"scalinghealth:power_crystal_ore":8,"minecraft:stone_pressure_plate":1,"minecraft:white_bed":3,"minecraft:oak_sapling":1,"minecraft:dark_oak_leaves":2,"minecraft:obsidian":5,"minecraft:granite":247,"minecraft:spruce_leaves":7,"minecraft:composter":1,"minecraft:cartography_table":1,"minecraft:sandstone":9,"minecraft:large_fern":2,"minecraft:hay_block":40,"minecraft:redstone_ore":47,"minecraft:furnace":1,"ironfurnaces:gold_furnace":1,"minecraft:iron_ore":151,"minecraft:chiseled_sandstone":1,"minecraft:andesite":244,"easy_villagers:breeder":1,"minecraft:gold_block":1,"minecraft:stone":5570,"scalinghealth:heart_crystal_ore":7,"minecraft:cut_sandstone":24,"minecraft:crafting_table":5,"minecraft:torch":4,"minecraft:tall_grass":4,"minecraft:cobblestone":8,"minecraft:lapis_ore":25,"minecraft:sugar_cane":39,"minecraft:diorite":251,"minecraft:wall_torch":2,"minecraft:seagrass":1,"minecraft:sweet_berry_bush":14,"minecraft:spruce_log":34,"minecraft:tnt":9,"minecraft:grass":15,"minecraft:oak_log":250,"minecraft:coal_ore":202,"minecraft:gravel":32,"minecraft:sand":71,"minecraft:dirt":1,"minecraft:gold_ore":45,"minecraft:oak_leaves":9},"minecraft:dropped":{"minecraft:gold_ore":11,"minecraft:wheat_seeds":12,"minecraft:diamond":4,"minecraft:crafting_table":1,"minecraft:dark_oak_sapling":1,"minecraft:iron_helmet":1,"minecraft:cobblestone":1109,"minecraft:book":4,"minecraft:granite":45,"vanillahammers:iron_hammer":2,"minecraft:coal":13,"vanillahammers:stone_hammer":1,"minecraft:stick":6,"minecraft:dirt":17,"minecraft:diorite":2,"minecraft:torch":2,"spartanshields:shield_tower_iron":1,"minecraft:wooden_axe":1,"minecraft:cut_sandstone":9,"minecraft:iron_leggings":1,"minecraft:bone_meal":1,"minecraft:spruce_sapling":4,"minecraft:chiseled_sandstone":2,"minecraft:redstone":29,"minecraft:bone":1,"minecraft:furnace":1,"easy_villagers:breeder":1,"minecraft:sweet_berries":9,"minecraft:stone_sword":1,"minecraft:rotten_flesh":5,"minecraft:light_gray_wool":2,"minecraft:oak_planks":20,"minecraft:iron_boots":1,"minecraft:cooked_mutton":5,"useless_sword:redstone_sword":1,"minecraft:rabbit_foot":1,"minecraft:hay_block":40,"minecraft:iron_chestplate":1,"minecraft:andesite":38,"minecraft:oak_sapling":23,"easy_villagers:villager":2,"minecraft:arrow":1,"minecraft:wooden_pickaxe":1}},"DataVersion":2586}