{"stats":{"minecraft:crafted":{"minecraft:oak_planks":44,"minecraft:crafting_table":1,"minecraft:spruce_planks":28,"minecraft:wooden_pickaxe":1,"minecraft:stone_axe":1,"minecraft:cooked_mutton":6,"minecraft:air":0,"vanillahammers:stone_hammer":1,"minecraft:stick":20,"minecraft:stone_pickaxe":1,"minecraft:wooden_axe":1,"minecraft:white_bed":1,"minecraft:torch":44},"minecraft:killed":{"minecraft:sheep":4,"minecraft:skeleton":1,"minecraft:zombie":4,"minecraft:chicken":1,"minecraft:silverfish":1,"minecraft:cow":3},"minecraft:mined":{"minecraft:white_bed":1,"minecraft:crafting_table":4,"minecraft:torch":3,"minecraft:tall_grass":4,"minecraft:diorite":10,"minecraft:wall_torch":1,"minecraft:furnace":1,"minecraft:spruce_log":8,"minecraft:grass":9,"minecraft:oak_log":12,"minecraft:coal_ore":25,"minecraft:dirt":1,"minecraft:stone":46},"minecraft:dropped":{"minecraft:furnace":1,"minecraft:wheat_seeds":3,"minecraft:crafting_table":1,"minecraft:rotten_flesh":1,"minecraft:light_gray_wool":1,"minecraft:cooked_mutton":2,"minecraft:dirt":1,"minecraft:torch":1,"minecraft:wooden_axe":1,"minecraft:wooden_pickaxe":1,"minecraft:bone":1},"minecraft:custom":{"minecraft:interact_with_furnace":6,"minecraft:mob_kills":13,"minecraft:interact_with_crafting_table":5,"minecraft:play_one_minute":20618,"minecraft:leave_game":2,"minecraft:time_since_death":20618,"minecraft:sleep_in_bed":4,"minecraft:time_since_rest":12729,"minecraft:sprint_one_cm":57096,"minecraft:damage_taken":575,"minecraft:walk_one_cm":48835,"minecraft:drop":13,"minecraft:damage_dealt":1633,"minecraft:fly_one_cm":101411,"minecraft:crouch_one_cm":303,"minecraft:sneak_time":293,"minecraft:walk_under_water_one_cm":41,"minecraft:jump":555,"minecraft:walk_on_water_one_cm":1471,"minecraft:fall_one_cm":16920},"minecraft:picked_up":{"minecraft:crafting_table":4,"minecraft:feather":3,"minecraft:chicken":1,"minecraft:leather":4,"minecraft:oak_log":11,"minecraft:dirt":13,"minecraft:bone":1,"minecraft:wheat_seeds":4,"minecraft:beef":9,"minecraft:light_gray_wool":1,"minecraft:furnace":1,"minecraft:stick":2,"minecraft:torch":4,"minecraft:diorite":10,"minecraft:white_bed":1,"minecraft:spruce_log":7,"minecraft:arrow":2,"minecraft:rotten_flesh":1,"minecraft:oak_sapling":4,"minecraft:mutton":11,"minecraft:coal":25,"minecraft:white_wool":3,"minecraft:cobblestone":48},"minecraft:used":{"vanillahammers:stone_hammer":4,"minecraft:cooked_mutton":2,"minecraft:stone_pickaxe":40,"minecraft:wooden_pickaxe":8,"minecraft:torch":15,"minecraft:dirt":8,"minecraft:mutton":5,"minecraft:crafting_table":3,"minecraft:white_bed":1,"minecraft:spruce_log":8,"minecraft:oak_log":5,"minecraft:wooden_axe":1,"minecraft:stone_axe":41,"minecraft:beef":2,"minecraft:oak_sapling":2}},"DataVersion":2586}