{"stats":{"minecraft:crafted":{"minecraft:oak_planks":24,"minecraft:stone_axe":1,"minecraft:crafting_table":1,"minecraft:stick":8,"minecraft:stone_pickaxe":1,"minecraft:wooden_pickaxe":1,"minecraft:wooden_axe":1},"minecraft:killed":{"minecraft:sheep":1},"minecraft:mined":{"minecraft:grass":8,"minecraft:oak_log":7,"minecraft:tall_grass":2,"minecraft:stone":8,"minecraft:crafting_table":2},"minecraft:dropped":{"minecraft:wheat_seeds":2,"minecraft:wooden_pickaxe":1,"minecraft:wooden_axe":1},"minecraft:custom":{"minecraft:crouch_one_cm":1,"minecraft:time_since_rest":3190,"minecraft:play_one_minute":3190,"minecraft:sprint_one_cm":7631,"minecraft:damage_taken":10,"minecraft:walk_one_cm":4656,"minecraft:sneak_time":39,"minecraft:mob_kills":1,"minecraft:drop":4,"minecraft:jump":62,"minecraft:walk_on_water_one_cm":152,"minecraft:damage_dealt":80,"minecraft:leave_game":2,"minecraft:time_since_death":3190,"minecraft:interact_with_crafting_table":2,"minecraft:fall_one_cm":2425,"minecraft:fly_one_cm":12964},"minecraft:picked_up":{"minecraft:crafting_table":2,"minecraft:stick":2,"minecraft:wheat_seeds":2,"minecraft:oak_log":6,"minecraft:oak_sapling":2,"minecraft:mutton":2,"minecraft:white_wool":1,"minecraft:cobblestone":8},"minecraft:used":{"minecraft:stone_axe":1,"minecraft:wooden_axe":1,"minecraft:crafting_table":2,"minecraft:oak_sapling":2,"minecraft:wooden_pickaxe":8}},"DataVersion":2586}