{"stats":{"minecraft:crafted":{"minecraft:oak_planks":24,"minecraft:crafting_table":1,"minecraft:stick":8,"minecraft:wooden_pickaxe":1,"minecraft:stone_pickaxe":1,"minecraft:wooden_axe":1,"minecraft:white_bed":1,"minecraft:torch":4,"minecraft:stone_axe":1},"minecraft:killed":{"minecraft:skeleton":1,"minecraft:sheep":3,"minecraft:zombie":3,"minecraft:cow":1},"minecraft:mined":{"minecraft:white_bed":1,"minecraft:torch":3,"minecraft:crafting_table":2,"minecraft:grass":9,"minecraft:coal_ore":5,"minecraft:oak_log":7,"minecraft:dirt":1,"minecraft:tall_grass":2,"minecraft:stone":15,"minecraft:wall_torch":1},"minecraft:dropped":{"minecraft:wheat_seeds":2,"minecraft:wooden_axe":1,"minecraft:wooden_pickaxe":1,"minecraft:bone":1},"minecraft:custom":{"minecraft:time_since_rest":729,"minecraft:sprint_one_cm":26695,"minecraft:damage_taken":473,"minecraft:walk_one_cm":20218,"minecraft:mob_kills":7,"minecraft:drop":5,"minecraft:damage_dealt":1028,"minecraft:interact_with_crafting_table":3,"minecraft:fly_one_cm":40087,"minecraft:crouch_one_cm":183,"minecraft:play_one_minute":8618,"minecraft:sneak_time":113,"minecraft:jump":215,"minecraft:leave_game":2,"minecraft:walk_on_water_one_cm":378,"minecraft:time_since_death":8618,"minecraft:sleep_in_bed":4,"minecraft:fall_one_cm":6765},"minecraft:used":{"minecraft:wooden_axe":1,"minecraft:stone_pickaxe":12,"minecraft:wooden_pickaxe":8,"minecraft:stone_axe":22,"minecraft:torch":6,"minecraft:mutton":5,"minecraft:beef":2,"minecraft:crafting_table":3,"minecraft:oak_sapling":2,"minecraft:white_bed":1},"minecraft:picked_up":{"minecraft:stick":2,"minecraft:crafting_table":2,"minecraft:torch":3,"minecraft:oak_log":6,"minecraft:white_bed":1,"minecraft:dirt":13,"minecraft:bone":1,"minecraft:arrow":2,"minecraft:wheat_seeds":3,"minecraft:beef":2,"minecraft:oak_sapling":2,"minecraft:mutton":5,"minecraft:coal":5,"minecraft:white_wool":3,"minecraft:cobblestone":18}},"DataVersion":2586}