{"stats":{"minecraft:crafted":{"minecraft:oak_planks":44,"minecraft:crafting_table":1,"minecraft:spruce_planks":28,"minecraft:wooden_pickaxe":1,"minecraft:stone_axe":1,"minecraft:cooked_mutton":6,"minecraft:air":0,"vanillahammers:stone_hammer":1,"minecraft:stick":20,"minecraft:stone_pickaxe":1,"minecraft:wooden_axe":1,"minecraft:white_bed":1,"minecraft:torch":44},"minecraft:killed":{"minecraft:creeper":1,"minecraft:sheep":4,"minecraft:skeleton":1,"minecraft:zombie":5,"minecraft:chicken":2,"minecraft:silverfish":1,"minecraft:cow":3},"minecraft:mined":{"minecraft:white_bed":2,"minecraft:crafting_table":4,"minecraft:torch":3,"minecraft:tall_grass":4,"minecraft:sugar_cane":14,"minecraft:diorite":10,"minecraft:wall_torch":1,"minecraft:seagrass":1,"minecraft:furnace":1,"minecraft:iron_ore":7,"minecraft:spruce_log":8,"minecraft:andesite":1,"easy_villagers:breeder":1,"minecraft:grass":12,"minecraft:oak_log":12,"minecraft:coal_ore":30,"minecraft:dirt":1,"minecraft:stone":50},"minecraft:dropped":{"minecraft:furnace":1,"easy_villagers:breeder":1,"minecraft:wheat_seeds":3,"minecraft:crafting_table":1,"minecraft:rotten_flesh":2,"minecraft:light_gray_wool":1,"minecraft:cooked_mutton":2,"minecraft:coal":13,"minecraft:dirt":17,"minecraft:diorite":2,"minecraft:torch":1,"minecraft:wooden_axe":1,"minecraft:wooden_pickaxe":1,"minecraft:bone":1},"minecraft:custom":{"minecraft:interact_with_furnace":7,"minecraft:mob_kills":15,"minecraft:interact_with_crafting_table":5,"minecraft:play_one_minute":32618,"minecraft:leave_game":2,"minecraft:time_since_death":32618,"minecraft:sleep_in_bed":9,"minecraft:climb_one_cm":283,"minecraft:time_since_rest":7062,"minecraft:sprint_one_cm":100148,"minecraft:damage_taken":896,"minecraft:walk_one_cm":73717,"minecraft:drop":19,"minecraft:damage_dealt":2352,"minecraft:swim_one_cm":521,"minecraft:fly_one_cm":179463,"minecraft:crouch_one_cm":1062,"minecraft:sneak_time":629,"minecraft:walk_under_water_one_cm":360,"minecraft:jump":936,"minecraft:walk_on_water_one_cm":6085,"minecraft:fall_one_cm":31981},"minecraft:picked_up":{"minecraft:crafting_table":4,"minecraft:feather":4,"easy_villagers:breeder":3,"minecraft:chicken":2,"minecraft:andesite":1,"minecraft:leather":4,"minecraft:oak_log":11,"minecraft:dirt":29,"minecraft:bone":1,"minecraft:wheat_seeds":5,"minecraft:beef":9,"minecraft:iron_ore":7,"minecraft:light_gray_wool":1,"minecraft:sugar_cane":23,"minecraft:egg":1,"minecraft:furnace":1,"minecraft:stick":2,"minecraft:torch":4,"minecraft:diorite":10,"minecraft:white_bed":2,"minecraft:spruce_log":7,"minecraft:arrow":2,"minecraft:rotten_flesh":2,"minecraft:oak_sapling":4,"minecraft:mutton":11,"minecraft:coal":30,"minecraft:white_wool":3,"minecraft:cobblestone":64},"minecraft:used":{"vanillahammers:stone_hammer":4,"minecraft:cooked_mutton":2,"easy_villagers:breeder":1,"minecraft:stone_pickaxe":58,"minecraft:wooden_pickaxe":8,"minecraft:torch":32,"minecraft:dirt":12,"minecraft:mutton":6,"minecraft:crafting_table":3,"minecraft:white_bed":2,"minecraft:spruce_log":8,"minecraft:oak_log":5,"minecraft:wooden_axe":1,"minecraft:stone_axe":56,"minecraft:cobblestone":21,"minecraft:beef":9,"minecraft:oak_sapling":2}},"DataVersion":2586}